CONTENT TYPE,PROGRAM NAME,CONTENT NAME,SEASON NUMBER,PARTNER ID,IMPRESSIONS,ESTIMATED PARTNER EARNINGS,eCPM
SERIES,Maury,S11:E32 - 2 Moms. 3 Babies. Is One Man the Dad?,11,MS-1132,342781,1915.3642042499998,5.587719868516632
SERIES,Maury,S11:E33 - Torn Apart. Where Are They Now?,11,MS-1133,226393,1192.818599,5.268796292288189
SERIES,Maury,S11:E36 - Did My Daughter Sleep With My Man?,11,MS-1136,186143,966.525041125,5.192379198385113
SERIES,Maury,S11:E37 - 10 Moms. 12 Kids. Who’s the Dad? (Pt. 1),11,MS-1137,161848,834.115634625,5.153697510163857
SERIES,Karamo,S01:E01 - Unlocking My Phone; but You Have a Mistress,1,KA-0606,147247,850.5309837500001,5.776219439105721
SERIES,The Jerry Springer Show,S07:E16 - Wife Discovers Husband's Secret Family,7,JS-0123,133827,727.8339512499999,5.438618150672136
SERIES,Maury,S11:E38 - 10 Moms. 12 Kids. Who’s the Dad? (Pt. 2),11,MS-1138,129539,665.652981875,5.138629925157675
SERIES,The Jerry Springer Show,S12:E31 - I Want Your Lover!,12,JS-1856,123291,662.958303875,5.377183280815307
SERIES,Maury,S11:E39 - 1 Woman … 5 Kids … 15 Men Tested,11,MS-1139,122139,625.45112,5.1208141543651085
SERIES,The Jerry Springer Show,"S07:E35 - Honey, I'm Really a Guy",7,JS-0125,111842,577.260490625,5.161392773957905
SERIES,The Steve Wilkos Show,"S02:E11 - Mom, Meet Your 8-Year-Old Son",2,SW-1769,109970,609.089751375,5.5386901098026735
SERIES,Maury,S11:E41 - Our 3 Kids May Not Be Yours!,11,MS-1141,100395,514.60242575,5.125777436625329
SERIES,The Jerry Springer Show,S07:E59 - Update: Woman in Labor Confronts Mistress,7,JS-0127,88003,441.6992895,5.01913900094315
SERIES,Maury,S11:E45 - Shocking Results… Where Are They Now?,11,MS-1145,86031,440.4880331250001,5.120108253129687
SERIES,Maury,S11:E80 - Family and Babysitter Secrets Revealed,11,MS-1180,85389,436.12740675000003,5.107536178547589
SERIES,Karamo,S01:E02 - Plus Size Model Confronts Her Online Troll,1,KA-0604,84817,456.21323125000004,5.378794713913485
SERIES,The Steve Wilkos Show,S02:E41 - I’m 14 and I Want a Baby,2,SW-1792,80811,418.9537064999999,5.1843648327579155
SERIES,Maury,S11:E55 - Did My Fiance Cheat With My Mom?,11,MS-1151,79892,410.76437237500005,5.141495673847194
SERIES,Maury,S11:E78 - Family Sex Secrets Uncovered!,11,MS-1178,75448,388.65732937499996,5.151327130937864
SERIES,Karamo,S01:E03 - I'll Unlock My Phone to Prove My Innocence,1,KA-0603,71195,372.3201615,5.2295829974015025
SERIES,The Steve Wilkos Show,S02:E67 - I Have Two Husbands,2,SW-1702,63934,327.14429212500005,5.116906374151469
SERIES,Maury,S12:E32 - Is My Sister's Fiancé or My Ex My Baby's Father?,12,MS-1232,63205,326.86072650000006,5.171437805553359
SERIES,The Jerry Springer Show,S07:E79 - Cheaters Come Clean,7,JS-0103,61005,308.873051375,5.06307763912794
SERIES,Maury,S11:E82 - Women at War! Shocking Test Results!,11,MS-1182,59162,301.11540462499994,5.089675883590818
SERIES,Maury,S12:E28 - Did My Husband or Lover Father My Kids?,12,MS-1228,59067,312.25226025,5.286407981614099
SERIES,Maury,S12:E29 - Is My Sister Sleeping With My Man?,12,MS-1229,58786,303.282588875,5.1590955138128125
SERIES,The Jerry Springer Show,S07:E80 - I'm in a Love Triangle!,7,JS-1706,57186,287.8180165,5.033015362151576
SERIES,Maury,S11:E85 - I'll Prove Your 5 Kids Are Not Mine!,11,MS-1185,57113,290.66609687499994,5.089315862850838
SERIES,Karamo,S01:E04 - Mom and Daughter in Distress,1,KA-0607,56795,297.098018875,5.231059404437009
SERIES,Karamo,S01:E05 - My Child's Father Won't Accept My Transition,1,KA-0602,56145,292.37762837500003,5.20754525558821
SERIES,The Jerry Springer Show,S07:E85 - I Have a Secret for My Man!,7,JS-0130,55176,279.850087125,5.071953152185733
SERIES,The Steve Wilkos Show,S02:E83 - An Explosive DNA Story,2,SW-1721,52665,266.95809175,5.068984937814488
SERIES,The Jerry Springer Show,S07:E81 - Holiday Hell Feast,7,JS-0104,51076,258.789447,5.066752427754718
SERIES,Karamo,S01:E07 - Teens in Trouble,1,KA-0608,49882,258.472361875,5.18167599284311
SERIES,Maury,S12:E34 - I Saw You Cheat... My Son Is Not Your Baby's Father!,12,MS-1234,49333,251.44044449999998,5.096800204731113
SERIES,The Jerry Springer Show,S07:E86 - I Never Let You Go,7,JS-0131,48756,244.25390937499998,5.009720021638362
SERIES,The Steve Wilkos Show,"S02:E86 - Steve, I Can’t Face the Truth",2,SW-1722,47125,239.1725796249999,5.07528020424403
SERIES,Maury,S12:E36 - Cheating With His Stepdaughter? Family Sex Secrets Exposed!,12,MS-1760,45591,232.85251062500004,5.107422750652542
SERIES,Maury,S11:E83 - I'll Prove Her Baby's Not Mine!,11,MS-1183,44803,229.26088149999998,5.117087728500324
SERIES,Maury,S12:E30 - We Had a Threesome... Is Your Man My Baby's Dad?,12,MS-1230,43298,222.83361712500002,5.14651062693427
SERIES,The Steve Wilkos Show,S02:E100 - A Mother in Denial,2,SW-1732,42928,218.089255125,5.080349774622624
SERIES,The Jerry Springer Show,S07:E91 - I'll Fight for My Man,7,JS-0138,40556,203.15784562499994,5.009316639338198
SERIES,Karamo,S01:E09 - Internet Rejects Our Open Adoption!,1,KA-0612,39997,206.55512850000002,5.164265532414932
SERIES,Maury,S12:E38 - I Cheated With Your Family and 97 Women,12,MS-1238,39967,203.55327475000004,5.093033621487728
SERIES,The Jerry Springer Show,S07:E89 - Homewreckers Confronted,7,JS-0105,38606,194.10661375000004,5.027887213127494
SERIES,The Steve Wilkos Show,S02:E121 - He Controls Your Entire Life!,2,SW-1746,38518,196.4699493749999,5.1007308109195675
SERIES,Maury,S12:E37 - They're Back: Feuding Family Updates!,12,MS-1237,38054,193.86992974999995,5.09460056104483
SERIES,The Steve Wilkos Show,S02:E122 - Did You Fake Your Pregnancies?,2,SW-1748,37995,191.94891450000003,5.051951954204502
SERIES,The Jerry Springer Show,S07:E95 - Guess What...I'm a Man,7,JS-0139,37366,189.523245625,5.072077440052453
SERIES,Karamo,S01:E10 - Show Me the Proof!,1,KA-0609,36985,191.86496262499998,5.187642628768419
SERIES,The Jerry Springer Show,S07:E93 - My Lover Is a Cheat!,7,JS-1717,36475,183.23114775000008,5.023472179575053
SERIES,Maury,S12:E35 - I Cheated … Our Kids May Not Be Yours!,12,MS-1235,36053,185.85960575000001,5.1551772598674175
SERIES,The Steve Wilkos Show,S02:E128 - Crawl to Your Wife,2,SW-1755,35624,179.51030999999998,5.039027341118346
SERIES,The Steve Wilkos Show,S02:E127 - I’m Starving Myself to Death,2,SW-1754,35490,181.664172375,5.1187425295857985
SERIES,Karamo,S01:E11 - Confronting My Bully...My Mom,1,KA-0613,34415,178.2641945,5.179840026151388
SERIES,The Steve Wilkos Show,S03:E01 - Tell the Truth Now,3,SW-1766,34379,176.13942237499998,5.123459739230344
SERIES,Karamo,S01:E13 - Families Reunited,1,KA-0605,33692,175.14604625,5.198446107384543
SERIES,Maury,S12:E39 - 5 Babies 5 DNA Tests. Is He the Father?,12,MS-1239,33191,170.48518462499996,5.1364883439787885
SERIES,The Jerry Springer Show,S07:E96 - I've Had Enough…It's Over!,7,JS-1720,31785,159.31234899999998,5.012186534528865
SERIES,Maury,S12:E43 - Did My Fiancé Sleep With My Uncle for Money?,12,MS-1243,31757,161.95795,5.099913404918601
SERIES,Karamo,"S01:E14 - I'm 17, Are You My Daddy?",1,KA-0614,31663,164.90501825,5.208129938729749
SERIES,Maury,S12:E40 - We'll Prove You're My Baby's Dad!,12,MS-1240,31019,159.55990049999997,5.143940826590153
SERIES,The Jerry Springer Show,S07:E97 - I Have a Sexy Secret!,7,JS-1721,29889,150.12990387499997,5.02291491434976
SERIES,Karamo,S01:E12 - Unlock the Phone,1,KA-0610,29700,153.53134125,5.1694054292929295
SERIES,Karamo,S01:E16 - Unlock the Phone II,1,KA-0618,28260,145.83018537499999,5.160303799539985
SERIES,Karamo,S01:E15 - Too Many People in This Relationship,1,KA-0616,28139,145.877864125,5.184187928675503
SERIES,The Steve Wilkos Show,S03:E45 - Real Teens; Real Topics,3,SW-1793,28134,143.10179012499998,5.086435989372289
SERIES,Maury,S12:E44 - 3 Mad Moms … 4 Babies … Is Aaron the Dad?,12,MS-1244,27930,141.90300949999997,5.080666290726816
SERIES,The Steve Wilkos Show,S04:E79 - 16-Year-Old Surrogate Stole Our Baby,4,SW-0479,27582,140.011766125,5.076200642629251
SERIES,The Jerry Springer Show,S07:E98 - Get Your Own Man!,7,JS-1722,27506,138.259988125,5.026539232349306
SERIES,The Jerry Springer Show,S08:E34 - Clash of the Angry Lovers,8,JS-0152,27494,142.012908625,5.165232728049756
SERIES,The Steve Wilkos Show,S04:E33 - What if She Is Your Daughter?,4,SW-0433,27427,139.75702562500007,5.095600161337371
SERIES,Maury,S12:E41 - Where Did My Man Learn New Sex Moves?,12,MS-1241,27322,140.31433850000002,5.135580795695777
SERIES,The Steve Wilkos Show,S03:E82 - College Life Uncovered (Pt. 1),3,SW-1707,26896,136.00201125,5.056588758551458
SERIES,Maury,S12:E46 - After 27 Years… Are You Cheating With My Sister?,12,MS-1246,26873,137.14531337500003,5.103461220369889
SERIES,The Jerry Springer Show,S07:E100 - Your Man Wants Me!,7,JS-1724,26685,133.00128362499999,4.984121552370245
SERIES,Steve Harvey,S04:E01 - What Men Think: The Event,4,SH-0401,25885,148.253954625,5.72740794378984
SERIES,Maury,S12:E56 - He's My Husband Now. Not Your Baby's Dad!,12,MS-17111,25780,132.37714700000004,5.134877695888287
SERIES,The Jerry Springer Show,S08:E38 - Scandalous Affairs,8,JS-0157,25368,129.08604187499998,5.088538389900662
SERIES,The Steve Wilkos Show,S04:E01 - How Could You Cover for Him?,4,SW-0401,25060,128.67234100000002,5.134570670391062
SERIES,The Steve Wilkos Show,S04:E47 - I Had Sex to Hurt You,4,SW-17103,25038,127.08410225,5.075649103362888
SERIES,Karamo,S01:E17 - My Cheating Husband Went Viral,1,KA-0617,24947,129.17047237500003,5.1777958221429445
SERIES,The Steve Wilkos Show,S06:E34 - Controlling and Abusive Men,6,SW-0634,24885,127.98979812500002,5.143250879043602
SERIES,The Jerry Springer Show,S08:E35 - Shocking Truths Exposed,8,JS-0155,24641,124.33308474999998,5.0457808023213335
SERIES,The Jerry Springer Show,S07:E102 - I'm Here to Divorce You!,7,JS-1726,24340,121.003210125,4.971372642769104
SERIES,The Jerry Springer Show,S07:E101 - I Slept With Your Lover!,7,JS-1725,24111,120.882244875,5.013572430633321
SERIES,The Steve Wilkos Show,S06:E16 - Did You Ever Have My Baby?,6,SW-0616,23984,123.718728875,5.158385960431954
SERIES,The Steve Wilkos Show,S06:E54 - I Left You but You Are the Father,6,SW-17111,23917,122.370275125,5.116455873437304
SERIES,Karamo,S01:E19 - 5 Year Relationship...We've Never Met,1,KA-0621,23079,119.59034849999999,5.1817820746132845
SERIES,Karamo,S01:E20 - Our Love Went Viral,1,KA-0619,23068,119.46799987499999,5.178949188269464
SERIES,The Steve Wilkos Show,S04:E118 - Bullied Out of School,4,SW-04118,23062,116.39079199999998,5.046864625791343
SERIES,Maury,S12:E57 - I Cheated With 97 Women...Will My Fiancee Forgive Me?,12,MS-17112,22973,116.83632625,5.085810571105211
SERIES,The Steve Wilkos Show,S06:E37 - DNA Shockers,6,SW-0637,22645,115.60561862499999,5.105127782071097
SERIES,The Jerry Springer Show,S08:E41 - Attack of the Springer Guests,8,JS-0158,22634,115.53347575,5.104421478748785
SERIES,The Steve Wilkos Show,S03:E134 - Results Revealed: Did She Cheat?,3,SW-1752,22412,113.23801562499999,5.052561825138318
SERIES,The Jerry Springer Show,S08:E43 - Cheating Secrets Revealed,8,JS-0115,22276,111.90748887500001,5.023679694514276
SERIES,Karamo,S01:E21 - Unlock the Phone: Is She Still Talking to Her One-Night Stand?,1,KA-0622,22254,114.511803,5.145672822863306
SERIES,The Jerry Springer Show,S07:E103 - Adult Babies,7,JS-0140,22004,110.35963925000001,5.015435341301583
SERIES,The Steve Wilkos Show,S03:E137 - My Teen Daughter Wants a Baby,3,SW-1756,21816,110.71207262500002,5.074810809726807
SERIES,The Jerry Springer Show,S07:E106 - I Have Another Lover,7,JS-1730,21510,107.29428674999998,4.988111889818688
SERIES,The Steve Wilkos Show,S03:E140 - You Waited 17 Years for This!,3,SW-1759,21363,108.526182625,5.080100296072649
SERIES,The Steve Wilkos Show,S06:E30 - Heart-Stopping DNA Results,6,SW-0630,21041,107.00440712499999,5.085519087733472
SERIES,The Steve Wilkos Show,S04:E92 - These DNA Results Will Floor You,4,SW-0492,20932,105.92852025000002,5.060601961112173
SERIES,The Steve Wilkos Show,S03:E83 - College Life Uncovered (Pt. 2),3,SW-1708,20871,104.84144124999999,5.023307040870106
SERIES,The Jerry Springer Show,S07:E104 - Attack of the Ex-Lovers,7,JS-1728,20831,104.28041487500002,5.0060205883058915
SERIES,The Steve Wilkos Show,S04:E81 - Is She Lying About the Baby?,4,SW-17100,20672,104.40715862500004,5.050655893237231
SERIES,Karamo,S01:E26 - My Niece Is 16 and Pregnant ... I Need Help,1,KA-0625,20303,105.03604475000002,5.173424851007241
SERIES,Karamo,S01:E18 - Unlock the Phone Has Shocking Surprise,1,KA-0620,20162,104.29777137499998,5.172987371044538
SERIES,Karamo,S01:E22 - DNA: Are You My Brother & Sister?,1,KA-0624,19747,101.31997225,5.130904555122298
SERIES,Maury,S12:E47 - 6 Women … 9 Babies … Am I the Father?,12,MS-1247,19506,98.946327375,5.072609831590279
SERIES,The Jerry Springer Show,S07:E109 - Newlyweds Headed for Divorce,7,JS-1731,19127,95.46987275,4.9913667982433205
SERIES,Maury,S12:E58 - 1 Man... 3 Women... 4 Babies... Is He the Dad?,12,MS-17113,18987,96.827154375,5.0996552575446366
SERIES,Maury,S12:E45 - Who Fathered My 4 Kids … My Husband or My Lover?,12,MS-1245,18627,95.29334149999998,5.115871664787673
SERIES,Maury,S12:E65 - I Found a Prostitute in Our House...Did You Cheat?,12,MS-17108,18371,93.23291775,5.075005048718088
SERIES,The Jerry Springer Show,S08:E44 - I Can't Stop Loving You,8,JS-0159,18295,90.87373224999999,4.967134859251161
SERIES,The Jerry Springer Show,S07:E132 - My Pimp Runs My Family,7,JS-0144,18188,91.35517912500002,5.022827090664175
SERIES,Karamo,S01:E28 - If You're Not Cheating...Unlock Your Phone!,1,KA-0629,18155,93.52278249999998,5.1513512806389405
SERIES,The Jerry Springer Show,S07:E110 - Dump Your Cheating Lover!,7,JS-1732,18144,90.72897312500001,5.0004945505401235
SERIES,The Jerry Springer Show,S08:E91 - Mom Stole My Lady Love!,8,JS-0129,18114,90.9411335,5.0204887655956725
SERIES,The Jerry Springer Show,S07:E125 - I'm Hiding a Sexy Secret,7,JS-0141,17995,90.15027087499998,5.009739976382327
SERIES,The Jerry Springer Show,S07:E111 - I Share My Lover!,7,JS-1733,17676,89.424456625,5.059088969506676
SERIES,The Jerry Springer Show,S07:E118 - Lovers vs. Mistresses,7,JS-1734,17563,87.581745125,4.986718961737744
SERIES,Karamo,S01:E24 - Karamo & His Son Share Their Story of Addiction,1,KA-0627,17538,90.2699945,5.147108820846163
SERIES,Karamo,S01:E23 - Unlock the Phone: Prove You're Not Cheating,1,KA-0623,17380,88.35459412500003,5.083693563003454
SERIES,The Jerry Springer Show,S08:E47 - Explosive Love Affairs,8,JS-0160,17339,87.48932849999998,5.045811667339523
SERIES,The Jerry Springer Show,S08:E100 - Love Affairs Disasters,8,JS-0134,17284,87.4007085,5.0567408296690575
SERIES,The Jerry Springer Show,S08:E101 - Guess What? I'm Cheating,8,JS-0135,17214,87.20220599999999,5.065772394562565
SERIES,Karamo,S01:E25 - Mom Used Me for Her Sexy Business,1,KA-0626,16939,87.79795587499999,5.1831841239152245
SERIES,The Jerry Springer Show,S07:E124 - Wives Battle Mistresses,7,JS-0109,16903,84.86464787499999,5.020685551381411
SERIES,Karamo,S01:E29 - Unlock My Husband's Phone...Is He Cheating?,1,KA-0630,16889,86.552038125,5.124758015572265
SERIES,Maury,S12:E61 - We Had a Threesome…But I'm Not Your Baby's Dad!,12,MS-17114,16771,84.79238600000002,5.055893268141436
SERIES,Karamo,S01:E27 - Your Sister Says You Cheat...Unlock Your Phone,1,KA-0628,16617,84.96171075000001,5.112939203827406
SERIES,The Jerry Springer Show,S07:E120 - Torn Between Two Lovers,7,JS-1735,16540,82.07892875,4.96245034764208
SERIES,The Jerry Springer Show,S08:E50 - Hot Love Affairs,8,JS-0136,16365,81.75774424999997,4.995890268866482
SERIES,Maury,S12:E62 - Test Him...Is My Daughter's Fiance a Male Prostitute?,12,MS-17105,16049,80.67958675,5.027078743223877
SERIES,Karamo,S01:E37 - Unlock: Prove That You're Not Cheating With My Cousin,1,KA-0639,15611,81.120435375,5.196363805970149
SERIES,Karamo,S01:E30 - Don't Leave Me...Save Our Family,1,KA-0631,15553,80.229029125,5.158427899762104
SERIES,The Jerry Springer Show,S07:E130 - Mistresses Attack,7,JS-0143,15322,76.90885912499999,5.019505229408693
SERIES,Maury,S12:E82 - Stop My 15-Year-Old From Having Her Second Baby!,12,MS-1282,15150,78.48642725,5.180622260726073
SERIES,Maury,S12:E73 - These Women Are Lying... Their 3 Kids Are Not Mine!,12,MS-1273,15053,76.75006762500001,5.098655924068293
SERIES,Maury,S12:E63 - 7 Babies. 8 Men. Who's the Father?,12,MS-17106,14994,75.49443562500001,5.034976365546219
SERIES,Karamo,S01:E31 - Will a Dna Test Reveal My True Identity? Will This Friendship Survive?,1,KA-0615,14805,76.990524625,5.200305614657211
SERIES,Maury,S12:E88 - I Confess... I Cheated and Paid for Sex Seven Times!,12,MS-1288,14726,74.80507212500001,5.079795743922315
SERIES,Maury,S12:E77 - Secrets Revealed... I Cheated With Over 200 Men!,12,MS-1277,14457,73.37483387500001,5.075384510963548
SERIES,Maury,S12:E67 - My Wife Cheated 3 Times...Is He My Son?,12,MS-17109,14445,73.12874624999998,5.062564641744547
SERIES,Steve Harvey,S04:E05 - Empty Nesters,4,SH-0405,14320,74.06038937499997,5.171814900488824
SERIES,The Jerry Springer Show,S07:E135 - My Uncle Stole My Wife,7,JS-0145,14250,71.55150624999999,5.021158333333332
SERIES,The Jerry Springer Show,S07:E127 - Ex-Lovers Confronted,7,JS-0142,14167,69.947250625,4.937336812663231
SERIES,Karamo,S01:E41 - Three Sisters in Crisis,1,KA-0644,14158,72.97099687500001,5.1540469610820745
SERIES,The Jerry Springer Show,S07:E156 - Bizarre Jobs,7,JS-0150,14008,70.33907475000001,5.021350281981726
SERIES,The Jerry Springer Show,S07:E139 - 600 Pound Angry Mom,7,JS-0117,13978,70.05603149999999,5.011878058377449
SERIES,Karamo,"S01:E39 - Mom, Stop Blaming Us for Dad's Death",1,KA-0641,13458,69.40817100000001,5.15739121711993
SERIES,Maury,S12:E84 - My Daughter Sleeps Around... You're Not Her Baby's Dad!,12,MS-1284,13229,66.34608925000002,5.015200638748206
SERIES,Maury,S12:E72 - You're Twice My Daughter's Age... I'll Prove You Cheat!,12,MS-1272,13030,66.186192625,5.0795236089792795
SERIES,Karamo,"S01:E42 - We're Here to Unlock Your Phone, Not Mine!",1,KA-0643,12922,65.87866162499999,5.098178426327193
SERIES,Steve Harvey,S04:E06 - Date My Mom,4,SH-0406,12903,65.995304375,5.114725596760444
SERIES,Karamo,S01:E36 - I'm a Virgin Looking for a Husband,1,KA-0637,12896,67.441210375,5.229622392602357
SERIES,Karamo,S01:E40 - Step Up and Take Care of Your Daughter,1,KA-0636,12847,66.57418775,5.182080466256713
SERIES,Steve Harvey,S04:E03 - Relationship Crossroads,4,SH-0403,12597,66.495695875,5.2786930122251325
SERIES,Karamo,S01:E38 - DNA: Step Up for Your Son,1,KA-0640,12549,64.26369775000002,5.121021416049089
SERIES,Maury,S12:E80 - Did My Husband Have Sex With My Mom? Test Him!,12,MS-1280,12110,61.611332999999995,5.087641040462427
SERIES,Karamo,S01:E45 - My Sister Got Me Fired & Ruined My Life,1,KA-0638,11685,60.5267775,5.179869704749679
SERIES,Maury,S12:E85 - Test Him! Does My Fiance Have a Secret Sex Life?,12,MS-1285,11609,59.54451212500001,5.129168070031873
SERIES,Maury,S12:E79 - DNA Will Prove... My Five Kids Are Yours!,12,MS-1279,11309,57.016561874999994,5.041697928640905
SERIES,Karamo,S01:E50 - Did My Mom Trade Me for Drugs? Part 2,1,KA-0650,11188,56.96499375,5.091615458526993
SERIES,Karamo,S01:E48 - My Husband Has a Gambling Addiction,1,KA-0651,10857,56.40610325,5.1953673436492585
SERIES,Karamo,S01:E46 - Stop Spending My Money at the Strip Club,1,KA-0646,10632,54.642482124999994,5.139435865782543
SERIES,Karamo,"S01:E44 - Karamo, Help My Mom & Sister's Toxic Relationship",1,KA-0645,10582,55.19288075000001,5.215732446607448
SERIES,Karamo,S01:E52 - DNA Mystery: 23 Years Later,1,KA-0657,10142,51.651432,5.0928250838099
SERIES,Karamo,"S01:E43 - Son, Forgive Me for My Drug Addiction",1,KA-0642,10128,51.734067875,5.10802407928515
SERIES,Maury,S12:E75 - You Cheated on My Brother... Your 3 Kids Aren't His!,12,MS-1275,9898,50.604360625000005,5.112584423620935
SERIES,Karamo,S01:E49 - Did My Mom Trade Me for Drugs? Part 1,1,KA-0649,9850,51.15554150000001,5.193455989847717
SERIES,Karamo,S01:E47 - Stop Gaslighting Me and Unlock Your Phone,1,KA-0655,9809,50.53088687499999,5.151481993577327
SERIES,Maury,S12:E116 - Did Maurio Have 5 Babies With 5 Women? Test Him!,12,MS-12116,9706,50.130611125,5.164909450339996
SERIES,Karamo,S01:E54 - DNA Mystery: Christmas Prank Gone Wrong,1,KA-0658,9633,49.29049650000001,5.116837589535971
SERIES,Karamo,S01:E51 - Help My Out of Control 14-Year-Old Sister!,1,KA-0654,9421,48.820214625,5.182062904681032
SERIES,Karamo,S01:E56 - Ultimatum: Invest in Our Future or No Baby,1,KA-0659,9308,48.0380845,5.160945906746884
SERIES,Karamo,S01:E58 - Help Us Co-Parent,1,KA-0660,9063,46.38071025000001,5.11758912611718
SERIES,Karamo,S01:E59 - Stop Disappearing in the Middle of the Night,1,KA-0661,8709,45.1090815,5.1795936961763696
SERIES,Karamo,S01:E53 - Is It a Break or a Break-Up?,1,KA-0656,8655,44.337936125,5.122811799537839
SERIES,Karamo,S01:E61 - Unlock: Our 4 Month Old Needs Us to Be Together,1,KA-0665,8633,44.36467612500001,5.1389639899223925
SERIES,Karamo,S01:E60 - DNA Mystery: Are You My Cousin or My Father,1,KA-0662,8619,44.198454999999996,5.128025873071121
SERIES,Karamo,S01:E65 - I Maced My Dad... Can Our Relationship Be Repaired? / Update: Plus Size Model Confronts Her Online Troll,1,KA-0669,8520,44.26776287500001,5.195746816314555
SERIES,Karamo,S01:E72 - Unlock the Phone: Is He Cheating With My BFF?,1,KA-0674,8464,43.500687125,5.139495170723062
SERIES,Karamo,S01:E70 - Our Relationship Is in Crisis...Help!,1,KA-0668,8446,43.147211625,5.108597161378166
SERIES,Karamo,S01:E67 - DNA Mystery: Did I Bring the Wrong Baby Home From the Hospital?,1,KA-0647,8391,42.90631187500001,5.113372884638304
SERIES,Karamo,S01:E89 - Unlock the Phone: Are You Really at Your Mom's? / Betrayed by My Chosen Family,1,KA-0678,8320,43.157594374999995,5.187210862379807
SERIES,Karamo,"S01:E57 - Update: ""I'll Unlock My Phone to Prove My Innocence""",1,KA-0653,8204,41.842969,5.10031313993174
SERIES,Karamo,S01:E63 - Why Won't You Commit to Me? / My Friend Ghosted Me 10 Years Ago...Why?,1,KA-0670,8118,42.316024625000004,5.212616977703869
SERIES,Karamo,S01:E62 - Cousins at War Over $384,1,KA-0664,8113,41.592551,5.126654874892148
SERIES,Karamo,S01:E66 - To See Your Grandson...Stop Bullying Me,1,KA-0663,7993,40.97049775000001,5.125797291379959
SERIES,Steve Harvey,S04:E07 - A Second Chance at Success,4,SH-0407,7965,40.175478000000005,5.044002259887006
SERIES,Karamo,S01:E55 - DNA Mystery: Was My Dead Mother Right?,1,KA-0648,7617,39.035722249999985,5.124815839569382
SERIES,Karamo,S01:E68 - My Cousin Is Ruining My Marriage / DNA Mystery: Audience Member Searching for Her Sister,1,KA-0671,7509,38.86845375,5.176249001198562
SERIES,Karamo,"S01:E69 - DNA Mystery: I'm Your Son, but Your Wife Won't Believe It",1,KA-0652,7421,37.894053750000005,5.106327145937206
SERIES,Karamo,S01:E64 - DNA Mystery: Your Family Denied Me for 41 Years,1,KA-0667,7349,37.81635025,5.145781773030344
SERIES,Steve Harvey,S04:E10 - It's the Sexy Show!,4,SH-0410,7315,36.9617955,5.052877033492823
SERIES,Karamo,S01:E75 - Mom You Left Us Twice...Don't Do It Again / Family Drama Unlocked... Brother vs. Sister,1,KA-0676,7163,36.271897375,5.063785756666201
SERIES,Karamo,S01:E74 - DNA Mystery: Are You My Sister? / My Daughter's Father Is a Deadbeat,1,KA-0672,6937,35.343959875,5.094992053481332
SERIES,Karamo,S01:E79 - Nina Parker on Body Positivity / My Fiance Fat Shames Me / I Lost 200lbs and My Bff,1,KA-0677,6882,35.263059999999996,5.1239552455681485
SERIES,Karamo,"S01:E80 - Mom, Will You Take a Drug Test?",1,KA-0673,6869,35.345691499999994,5.145682268161304
SERIES,Karamo,S01:E71 - Update: Will a DNA Test Reveal My True Identity? / You Sabotaged My Birthday Party,1,KA-0666,6841,34.899556125000004,5.101528449788043
SERIES,Karamo,S01:E76 - Unlock the Phone...Sister Betrayal / Best Friend...Are You Jealous?,1,KA-0680,6661,33.95804037500001,5.098039389731273
SERIES,Karamo,"S01:E73 - Unlock the Phone: Before We Get Married / Mom, Why Don't You Love Me?",1,KA-0675,6656,34.17132425,5.133912898137019
SERIES,Steve Harvey,S04:E09 - Are We Racist?,4,SH-0409,6640,33.71316025,5.077283170180723
SERIES,Karamo,S01:E77 - Should We Stay Together for the Baby? / Update: Pitfalls of Social Media,1,KA-0681,6626,33.548066125,5.063094797011772
SERIES,Karamo,"S01:E87 - Our Marriage Is Based on Lies / Mom, Your Drinking Is the Problem",1,KA-0688,6564,33.782471625,5.146628827696526
SERIES,Karamo,S01:E86 - Unlock the Phone: Over 100k Interactions / I Had to Call the Police on My Granddaughter,1,KA-0687,6533,33.47148437500001,5.123447784325732
SERIES,Karamo,S01:E88 - My Husband Has a Porn Addiction / DNA Mystery: Are You My Sister?,1,KA-0689,6516,33.379507875,5.122699182780847
SERIES,Judge Mom,S02:E01 - For Love or Money,2,JM-0301,6479,37.04046500000001,5.71700339558574
SERIES,Karamo,"S01:E85 - DNA Mystery: Do We Have the Same Father? / Mom, the Day You Abandoned Me Still Hurts",1,KA-0686,6410,32.917272499999996,5.13529992199688
SERIES,Karamo,S01:E82 - DNA Mystery: Did My Dad Live Around the Corner All My Life?,1,KA-0684,6115,31.556252875000002,5.160466537203598
SERIES,Karamo,S01:E81 - I Have to Tell You the Truth / I Haven't Kissed My Wife in Years,1,KA-0682,5842,29.654275,5.076048442314276
SERIES,Steve Harvey,S04:E18 - Blast From the Past,4,SH-0418,5783,29.313351375000003,5.068883170499741
SERIES,Karamo,S01:E84 - Why Women Cheat... a Discussion,1,KA-0685,5697,29.387503249999995,5.1584172810251
SERIES,Karamo,"S01:E78 - Help, My 16 Year Old Is Out of Control / My Boyfriend Ghosted Karamo",1,KA-0679,5674,28.584682,5.037836094465986
SERIES,Karamo,"S01:E83 - Mom, You've Never Stopped Choosing Men Over Me / Unlock the Phone: Prove You Are Not Cheating",1,KA-0683,5332,27.094224500000003,5.081437453113279
SERIES,Steve Harvey,S04:E14 - Family and Fashion With the Harveys,4,SH-0414,5242,26.155738875000004,4.989648774322778
SERIES,Steve Harvey,S04:E21 - An All-Star Panel,4,SH-0421,4223,21.909425125000002,5.18811866564054
SERIES,Judge Mom,S01:E02 - Psychic Promises,1,JM-0202,4075,22.197487374999998,5.4472361656441715
SERIES,Steve Harvey,S04:E24 - I Love My Man But...He's Afraid of Everything!,4,SH-0424,3987,20.628975500000003,5.1740595685979445
SERIES,Judge Mom,S01:E01 - Alienated Whistleblower,1,JM-0201,3959,22.631512749999995,5.71647202576408
SERIES,Judge Mom,S02:E02 - Battle Royale,2,JM-0302,3826,20.69431,5.4088630423418715
SERIES,Steve Harvey,S04:E40 - 30-Day Date Finale,4,SH-0440,3372,17.285410625,5.126159734578885
SERIES,Steve Harvey,S04:E32 - Dating Requirements,4,SH-0432,3363,17.284722,5.1396735057983935
SERIES,Steve Harvey,S04:E27 - 30-Day Date Updates,4,SH-0427,3327,17.015012874999996,5.1142208821761335
SERIES,Steve Harvey,S04:E42 - Are We Too Sensitive?,4,SH-0442,3058,15.533990499999996,5.079787606278612
SERIES,Steve Harvey,S04:E38 - Steve Harvey vs. Rachael Ray,4,SH-0438,2850,14.753850124999998,5.176789517543859
SERIES,Judge Mom,S02:E04 - Ink Is Best Served Cold,2,JM-0304,2525,13.366527125000003,5.293674108910892
SERIES,Judge Mom,S01:E04 - Adults Only,1,JM-0204,2523,13.420008874999997,5.319068123265953
SERIES,Steve Harvey,S04:E43 - Workaholic Intervention,4,SH-0443,2520,12.81533925,5.085452083333333
SERIES,Judge Mom,S02:E05 - Tornado Tassel,2,JM-0305,2497,13.042227624999999,5.22315884060873
SERIES,Steve Harvey,S04:E49 - Slay at Any Age!,4,SH-0449,2463,12.551769124999996,5.096130379618351
SERIES,Judge Mom,S01:E03 - Daddy Dearest,1,JM-0203,2343,12.834814125,5.477940300896287
SERIES,Steve Harvey,S04:E55 - Battle of the Sexes 2015!,4,SH-0455,2293,11.841719750000001,5.164291212385521
SERIES,Steve Harvey,"S04:E51 - She Loves Her Man, But...",4,SH-0451,2229,11.274092375000002,5.057914928218933
SERIES,Judge Mom,S01:E06 - Will-Fully Repugnant,1,JM-0206,2081,11.037440749999998,5.303911941374338
SERIES,Judge Mom,S02:E06 - Caught in the Act,2,JM-0306,2006,10.3746335,5.1718013459621135
SERIES,Steve Harvey,S04:E64 - Holiday Baking With DC Cupcakes,4,SH-0464,1958,9.777921124999999,4.99383101378958
SERIES,Steve Harvey,S04:E75 - Social Media Summit,4,SH-0475,1931,9.918874000000002,5.136651475919214
SERIES,Steve Harvey,S04:E54 - Dating at Any Age: The Follow Up!,4,SH-0454,1929,9.862890624999999,5.112955222913426
SERIES,Steve Harvey,S04:E72 - Dating and Dad Interventions,4,SH-0472,1923,9.90486175,5.150734139365575
SERIES,Judge Mom,S01:E08 - Baby Blues,1,JM-0208,1903,10.15796425,5.337868759852864
SERIES,Judge Mom,S02:E03 - Car Service Scandals,2,JM-0303,1871,9.897076,5.289725280598611
SERIES,Steve Harvey,S04:E70 - Fresh Start,4,SH-0470,1777,9.108964375000001,5.126035101294317
SERIES,Steve Harvey,S04:E66 - Holiday Second Chances,4,SH-0466,1642,8.626919000000001,5.253909257003655
SERIES,Steve Harvey,S04:E135 - What Are Your Dating Standards,4,SH-04135,1634,8.35668575,5.11425076499388
SERIES,Steve Harvey,S04:E97 - Love Week (Pt. 1),4,SH-0497,1622,8.184057,5.045657829839703
SERIES,Judge Mom,S01:E07 - Tickets to Lies,1,JM-0207,1610,8.777734000000002,5.452008695652175
SERIES,Judge Mom,S01:E05 - Franken-Dress,1,JM-0205,1588,8.511054125000003,5.359605872166249
SERIES,Judge Mom,S02:E07 - Shadows of Doubt,2,JM-0307,1551,7.990242749999999,5.15167166344294
SERIES,Steve Harvey,S04:E77 - Healing a Broken Relationship,4,SH-0477,1517,7.898170874999999,5.206440919578114
SERIES,Judge Dad,S01:E01 - Frick Your Frock,1,JD-0101,1511,8.603125125,5.693663219722039
SERIES,Judge Mom,S02:E08 - Nuptial Nemesis,2,JM-0308,1505,7.664804000000001,5.092893023255814
SERIES,Steve Harvey,"S04:E119 - The ""30 Day Date"" Finale",4,SH-04119,1472,7.455315874999999,5.064752632472826
SERIES,Steve Harvey,S04:E92 - A Deep Divide,4,SH-0492,1461,7.512598625000001,5.142093514715948
SERIES,Judge Dad,S01:E03 - Fit Flirter,1,JD-0103,1457,7.464064125000001,5.122899193548387
SERIES,Steve Harvey,S04:E93 - Sing to Me,4,SH-0493,1455,7.533106875,5.177393041237113
SERIES,Steve Harvey,S04:E99 - Chicago Gun Violence (Pt. 1),4,SH-0499,1451,7.332878000000001,5.05367195037905
SERIES,Steve Harvey,S04:E71 - Add 20 Years to Your Life,4,SH-0471,1436,7.290397625000001,5.076878568941504
SERIES,Steve Harvey,S04:E100 - Focus Group: Navigating Relationships,4,SH-04100,1433,7.317217250000002,5.10622278436846
SERIES,Judge Dad,S01:E02 - Not My Corona,1,JD-0102,1432,7.778939,5.432219972067039
SERIES,Steve Harvey,S04:E121 - Tips From a Millionaire,4,SH-04121,1415,6.959598625,4.918444257950529
SERIES,Judge Mom,"S02:E09 - Little League, Big Problems",2,JM-0309,1398,7.206807125000001,5.155083780400573
SERIES,Steve Harvey,S04:E76 - Getting Back to It,4,SH-0476,1381,6.890201500000001,4.989284214337437
SERIES,Steve Harvey,S04:E98 - Love Week (Pt. 2),4,SH-0498,1361,6.846672874999999,5.030619305657604
SERIES,Steve Harvey,S04:E95 - Women's Dating Styles,4,SH-0495,1290,6.412300124999999,4.970775290697674
SERIES,Judge Mom,S01:E09 - Anniversary Blowout,1,JM-0209,1245,6.905175375,5.546325602409638
SERIES,Judge Mom,S02:E11 - Rascal Roy & HOA Nightmare,2,JM-0311,1187,6.055632624999999,5.101628159224936
SERIES,Steve Harvey,S04:E110 - Recycle My Ex,4,SH-04110,1186,5.9061065,4.97985370994941
SERIES,Steve Harvey,S04:E106 - The First American Woman Grandmaster,4,SH-04106,1180,6.012451375,5.095297775423729
SERIES,Steve Harvey,"S04:E125 - Trust, Finances, and Marriage",4,SH-04125,1156,5.817760375,5.032664684256055
SERIES,Steve Harvey,S04:E101 - Money Management Tips for Millennials,4,SH-04101,1153,5.994276750000001,5.19885234171726
SERIES,Steve Harvey,S04:E130 - A Night in Jail: Our Son Is Out of Control,4,SH-04130,1138,5.80409375,5.100258128295255
SERIES,Judge Mom,S01:E10 - Piglet Parade,1,JM-0210,1127,6.169324,5.474111801242236
SERIES,Judge Dad,S03:E02 - Roommate Rumble,3,JD-0302,1125,6.043169999999999,5.3717066666666655
SERIES,Judge Dad,S01:E04 - No No in the Mo Mo,1,JD-0104,1107,5.704237,5.152878952122855
SERIES,Steve Harvey,S04:E126 - Finding Mr. Right on Tinder,4,SH-04126,1089,5.590625250000001,5.133723829201103
SERIES,Steve Harvey,S04:E128 - A Year of Celibacy,4,SH-04128,1049,5.186706875,4.944429814108675
SERIES,Steve Harvey,S04:E132 - Balancing Work and Family,4,SH-04132,1041,5.137643000000001,4.935295869356389
SERIES,Steve Harvey,S04:E123 - Parenting and Identity,4,SH-04123,1029,5.303001374999999,5.153548469387754
SERIES,Steve Harvey,"S04:E105 - Steve, Help Us Repair Our Relationship!",4,SH-04105,1013,5.191466875,5.124843904244817
SERIES,Judge Dad,"S01:E05 - Lights, Camera, No Action",1,JD-0105,983,4.974453750000001,5.0604819430315375
SERIES,Judge Mom,S02:E14 - Deflated Love,2,JM-0314,973,4.970476874999999,5.108403776978417
SERIES,Judge Mom,S02:E10 - Waisting Away,2,JM-0310,958,5.045660375,5.26686886743215
SERIES,Judge Mom,"S02:E12 - Conception, Deception",2,JM-0312,931,4.9083475,5.272124060150376
SERIES,Judge Dad,S03:E01 - Neighbor's Zoom Feud,3,JD-0301,915,5.154348499999999,5.63316775956284
SERIES,Judge Dad,S01:E08 - Secret Slasher,1,JD-0108,891,4.556087375000001,5.1134538439955115
SERIES,Judge Mom,S02:E13 - The Hero-Con,2,JM-0313,886,4.566214625000001,5.1537411117381495
SERIES,Judge Dad,S01:E06 - The Results Are Baked In,1,JD-0106,851,4.503996875,5.292593272620447
SERIES,Judge Dad,S03:E04 - My Only Fan Is Your Husband,3,JD-0304,811,4.149835375000001,5.116936344019731
SERIES,Judge Dad,S03:E03 - Hair We Go,3,JD-0303,730,3.7453981250000004,5.130682363013699
SERIES,Judge Dad,S01:E10 - Party in the Hood,1,JD-0110,713,3.6762608749999997,5.156046107994389
SERIES,Judge Dad,S01:E09 - Riding Dirty,1,JD-0109,684,3.618808375,5.290655519005848
SERIES,Judge Dad,"S01:E14 - Fired Up, Ready to Go",1,JD-0114,652,3.239810875,4.969035084355828
SERIES,Judge Dad,S03:E06 - Family Food Truck Fiasco,3,JD-0306,628,3.1654796249999992,5.040572651273884
SERIES,Judge Dad,S03:E07 - Smile! You're on Doggie Cam,3,JD-0307,603,3.09349075,5.130167081260365
SERIES,Judge Dad,S01:E15 - AirPnP,1,JD-0115,598,3.0472828750000005,5.095790760869566
SERIES,Judge Dad,S01:E07 - Gold Digger,1,JD-0107,580,3.0739318749999995,5.299882543103447
SERIES,Judge Dad,S01:E12 - Netflix and Chill,1,JD-0112,574,2.991554125,5.211766768292683
SERIES,Judge Dad,S03:E12 - More Than Just the Mags,3,JD-0312,520,2.6745162500000004,5.1433004807692315
SERIES,Judge Dad,S03:E11 - Ve-Gone,3,JD-0311,510,2.6550475,5.205975490196078
SERIES,Judge Dad,S02:E02 - War of the Roses,2,JD-0202,472,2.530189375,5.360570709745763
SERIES,Judge Dad,S01:E13 - Party Girl Cruise,1,JD-0113,465,2.4273059999999993,5.220012903225805
SERIES,Judge Dad,S03:E08 - Baby Not on Board,3,JD-0308,464,2.3429393750000003,5.049438308189656
SERIES,Judge Dad,S03:E05 - Life in Plastic Is Not Fantastic,3,JD-0305,462,2.39736875,5.189109848484849
SERIES,Judge Dad,S02:E01 - A Reason to Worry,2,JD-0201,454,2.4104325,5.30932268722467
SERIES,Judge Dad,S02:E03 - My Violent Valentine,2,JD-0203,430,2.2034582499999993,5.1243215116279055
SERIES,Judge Dad,S03:E09 - Show Me the Money,3,JD-0309,425,2.2057035,5.1898905882352935
SERIES,Judge Dad,S01:E11 - Ruff Times,1,JD-0111,425,2.2257821250000003,5.237134411764706
SERIES,Judge Dad,S02:E05 - Love or Visa?,2,JD-0205,415,2.059556625,4.96278704819277
SERIES,Judge Dad,S03:E10 - Puff Puff Trash,3,JD-0310,412,2.2499207500000002,5.460972694174758
SERIES,Judge Dad,S03:E15 - Last Fling Before the Ring,3,JD-0315,385,1.954423625,5.0764249999999995
SERIES,Judge Dad,S02:E10 - My Big Bro Caused My Divorce,2,JD-0210,380,1.939546,5.104068421052632
SERIES,Judge Dad,S03:E13 - I Get It From My Mama,3,JD-0313,363,1.810353125,4.987198691460056
SERIES,Judge Dad,S02:E04 - Pups in the City,2,JD-0204,359,1.9009523750000001,5.295131963788301
SERIES,Judge Dad,S03:E14 - Tip Me Ova,3,JD-0314,357,1.826624625,5.116595588235294
SERIES,Judge Dad,S02:E08 - Saucy Sisters,2,JD-0208,336,1.7827564999999999,5.305822916666666
SERIES,Judge Dad,S02:E07 - Slum Village,2,JD-0207,326,1.7383668750000003,5.332413726993866
SERIES,Judge Dad,S02:E09 - Over My Dead Body!,2,JD-0209,312,1.7235662500000006,5.524250801282053
SERIES,Judge Dad,S02:E06 - Crypto Crook,2,JD-0206,239,1.1964356250000003,5.006006799163181
